Accuracy,"
",0.9955979457079971
MCC,"
",0.9844243400937952
Precision,"
",0.9955959466637521
Recall,"
",0.9955979457079971
F1_score,"
",0.9955968692776497
Classification_Report,"
","              precision    recall  f1-score   support

           0     0.9877    0.9865    0.9871      1626
           1     0.9972    0.9975    0.9973      7915

    accuracy                         0.9956      9541
   macro avg     0.9925    0.9920    0.9922      9541
weighted avg     0.9956    0.9956    0.9956      9541
"
