Accuracy,"
",0.9940257834608531
MCC,"
",0.9778527895201021
Precision,"
",0.9940227171361494
Recall,"
",0.9940257834608531
F1_score,"
",0.9939964279949084
Classification_Report,"
","              precision    recall  f1-score   support

           0     0.9934    0.9695    0.9813      1543
           1     0.9942    0.9987    0.9964      7998

    accuracy                         0.9940      9541
   macro avg     0.9938    0.9841    0.9889      9541
weighted avg     0.9940    0.9940    0.9940      9541
"
