Accuracy,"
",0.9858505397757048
MCC,"
",0.9493128112278325
Precision,"
",0.9860590628543334
Recall,"
",0.9858505397757048
F1_score,"
",0.9859231870664723
Classification_Report,"
","              precision    recall  f1-score   support

           0     0.9455    0.9702    0.9577      1575
           1     0.9941    0.9890    0.9915      7966

    accuracy                         0.9859      9541
   macro avg     0.9698    0.9796    0.9746      9541
weighted avg     0.9861    0.9859    0.9859      9541
"
