Accuracy,"
",0.9624777277014988
MCC,"
",0.8638810524539163
Precision,"
",0.9624216827659485
Recall,"
",0.9624777277014988
F1_score,"
",0.9624490576583082
Classification_Report,"
","              precision    recall  f1-score   support

           0     0.8880    0.8847    0.8863      1578
           1     0.9772    0.9779    0.9775      7963

    accuracy                         0.9625      9541
   macro avg     0.9326    0.9313    0.9319      9541
weighted avg     0.9624    0.9625    0.9624      9541
"
